<?xml version="1.0" encoding="UTF-8" standalone="true"?>
<addon id="amai-repo"
  version="1.0.10"
  name="Amaimon Repository"
  provider-name="Amaimon">
  <extension point="xbmc.addon.repository" name="Amaimon Repository">
    <dir minversion="18.9.0">
      <info compressed="false">https://raw.githubusercontent.com/Amaimoncz/repository-amai/main/v19/addons.xml</info>
      <checksum>https://raw.githubusercontent.com/Amaimoncz/repository-amai/main/v19/addons.xml.md5</checksum>
      <datadir zip="true">https://raw.githubusercontent.com/Amaimoncz/repository-amai/main/v19/</datadir>
    </dir>
    <dir minversion="18.0.0">
      <info compressed="false">https://raw.githubusercontent.com/Amaimoncz/repository-amai/main/v18/addons.xml</info>
      <checksum>https://raw.githubusercontent.com/Amaimoncz/repository-amai/main/v18/addons.xml.md5</checksum>
      <datadir zip="true">https://raw.githubusercontent.com/Amaimoncz/repository-amai/main/v18/</datadir>
    </dir>
  </extension>
  <extension point="xbmc.addon.metadata">
    <summary>Amaimon repository</summary>
    <description>
      Repository for Estuary skins and others plugins
    </description>
    <description lang="cs">
      Repozitář pro Estuary skiny a další doplňky
    </description>
    <platform>all</platform>
    <language>en cs </language>
    <assets>
      <icon>icon.png</icon>
    </assets>
  </extension>
</addon>
