<?xml version="1.0" encoding="UTF-8"?>
<addon id="amai-repo-leia"
  version="1.0.2"
  name="Amaimon Repository for Leia"
  provider-name="Amaimon">
  <extension point="xbmc.addon.repository" name="Amaimon Repository for Leia">
    <dir>
      <info>https://raw.githubusercontent.com/Amaimoncz/repository-amai/main/v18/addons.xml</info>
      <checksum>https://raw.githubusercontent.com/Amaimoncz/repository-amai/main/v18/addons.xml.md5</checksum>
      <datadir zip="true">https://raw.githubusercontent.com/Amaimoncz/repository-amai/main/v18/</datadir>
    </dir>
  </extension>
  <extension point="xbmc.addon.metadata">
    <summary lang="en_GB">Amaimon repository for kodi leia</summary>
    <summary lang="cs">Amaimon repository for kodi leia</summary>
    <description>
      Repository for Estuary skins and others plugins - Kodi Leia
    </description>
    <description lang="cs">
      Repozitář pro Estuary skiny a další doplňky - Kodi Leia
    </description>
    <platform>all</platform>
    <language>en cs </language>
    <assets>
      <icon>icon.png</icon>
    </assets>
  </extension>
</addon>
